parameter,value
acquisition time,2025-05-08T15:37:10.077983
integration time,15
number of averages,100

wavelength,transmittance
198.5890655517578,126.6625
198.8887176513672,138.3375
199.1883544921875,131.9375
199.48797607421875,136.725
199.78756713867188,126.4725
200.087158203125,127.7275
200.38671875,135.99
200.686279296875,131.2675
200.98582458496094,136.9925
201.2853240966797,133.7775
201.5848388671875,127.9675
201.88430786132812,129.1975
202.18377685546875,127.3325
202.48321533203125,131.53
202.78265380859375,128.4
203.08206176757812,137.38
203.3814697265625,164.115
203.6808624267578,160.9175
203.980224609375,160.7
204.27957153320312,165.1
204.57887268066406,160.5225
204.87820434570312,166.7575
205.177490234375,163.47
205.47677612304688,162.235
205.77603149414062,158.6175
206.07528686523438,160.3475
206.37452697753906,163.925
206.67372131347656,158.66
206.97291564941406,157.515
207.27207946777344,160.24
207.57125854492188,162.705
207.87039184570312,156.3525
208.16952514648438,160.995
208.46864318847656,162.4
208.76771545410156,156.02
209.06680297851562,169.6475
209.3658447265625,158.1825
209.66488647460938,164.9375
209.96389770507812,159.615
210.26292419433594,159.9375
210.56192016601562,157.46
210.86087036132812,168.455
211.1598358154297,161.2
211.45875549316406,162.0825
211.7576904296875,157.945
212.0565948486328,160.8675
212.35546875,163.455
212.6543426513672,160.6975
212.95318603515625,164.86
213.2520294189453,162.9125
213.55084228515625,163.4575
213.8496551513672,163.735
214.14842224121094,162.695
214.44720458984375,161.7475
214.7459259033203,157.875
215.04466247558594,162.225
215.34336853027344,157.7575
215.64207458496094,161.2075
215.9407501220703,161.0275
216.23941040039062,176.7325
216.53805541992188,161.5075
216.836669921875,169.67
217.13528442382812,163.7625
217.4338836669922,164.25
217.7324676513672,167.1625
218.03102111816406,167.9875
218.32955932617188,166.995
218.62808227539062,164.4675
218.92657470703125,170.3225
219.22508239746094,167.2125
219.52354431152344,173.7725
219.82200622558594,174.4175
220.1204376220703,163.385
220.41885375976562,178.91
220.71726989746094,171.6175
221.01564025878906,177.21
221.31402587890625,166.71
221.6123504638672,170.955
221.9106903076172,168.785
222.20901489257812,176.2775
222.50729370117188,177.4025
222.80557250976562,173.555
223.10385131835938,170.63
223.40208435058594,182.2475
223.7003173828125,179.73
223.99851989746094,180.3425
224.2967071533203,183.4175
224.5948944091797,185.2
224.89305114746094,178.78
225.19119262695312,184.7
225.48931884765625,186.355
225.78741455078125,192.9225
226.08551025390625,191.96
226.38357543945312,197.97
226.68162536621094,189.4125
226.9796600341797,194.6725
227.27769470214844,193.955
227.57569885253906,201.51
227.87367248535156,201.77
228.17164611816406,203.0675
228.46957397460938,208.745
228.76751708984375,206.0675
229.06541442871094,210.4725
229.36331176757812,210.77
229.6612091064453,207.1525
229.9590606689453,215.595
230.25689697265625,209.8
230.55471801757812,218.1925
230.8525390625,213.73
231.1503143310547,216.475
231.44810485839844,219.9525
231.745849609375,217.1925
232.04359436035156,222.86
232.34129333496094,222.4325
232.6389923095703,217.73
232.9366912841797,219.475
233.23435974121094,206.785
233.53201293945312,210.8025
233.82965087890625,211.73
234.1272430419922,207.1525
234.42483520507812,200.5325
234.722412109375,200.6875
235.01998901367188,197.825
235.31752014160156,202.9475
235.61505126953125,182.655
235.9125518798828,186.07
236.21005249023438,182.915
236.5075225830078,184.9325
236.80496215820312,169.325
237.1024169921875,171.065
237.39984130859375,169.765
237.69723510742188,170.995
237.99459838867188,166.535
238.2919921875,161.0825
238.58932495117188,154.905
238.88665771484375,166.23
239.18397521972656,154.8825
239.4812774658203,160.635
239.77853393554688,157.8275
240.0758056640625,158.7375
240.373046875,151.01
240.67025756835938,152.8475
240.96746826171875,150.98
241.26466369628906,155.8025
241.56182861328125,157.5625
241.8589630126953,157.265
242.15611267089844,152.0725
242.4532470703125,157.005
242.75033569335938,155.2025
243.0474090576172,155.5625
243.34449768066406,156.31
243.6415252685547,158.79
243.93853759765625,154.7675
244.2355499267578,156.62
244.53256225585938,150.98
244.82952880859375,150.2975
245.12649536132812,158.14
245.4234161376953,156.57
245.7203369140625,154.1
246.01724243164062,164.645
246.3141326904297,157.8625
246.61099243164062,160.81
246.9078369140625,156.01
247.20468139648438,155.06
247.50148010253906,152.8225
247.79827880859375,164.1675
248.09506225585938,153.73
248.39181518554688,155.465
248.68856811523438,151.93
248.9852752685547,160.1725
249.281982421875,157.2025
249.57867431640625,158.775
249.87535095214844,151.885
250.1719970703125,153.8375
250.4686279296875,161.925
250.76524353027344,151.52
251.0618438720703,157.635
251.3583984375,154.44
251.6549835205078,158.0
251.95152282714844,159.575
252.24803161621094,153.5825
252.5445556640625,156.115
252.84104919433594,153.2925
253.13751220703125,160.845
253.4339599609375,166.16
253.73040771484375,163.6325
254.02682495117188,154.8325
254.32321166992188,165.6525
254.61959838867188,158.145
254.91595458984375,161.2475
255.21231079101562,167.0375
255.50863647460938,165.5975
255.80491638183594,160.4925
256.10125732421875,166.91
256.3974914550781,163.3175
256.6937561035156,168.475
256.9900207519531,170.96
257.2862243652344,177.335
257.5823974609375,173.6725
257.87860107421875,178.87
258.17474365234375,185.535
258.47088623046875,187.795
258.7669982910156,195.0675
259.0631408691406,212.855
259.3592224121094,214.6425
259.6552734375,232.3025
259.9513244628906,247.245
260.24737548828125,251.245
260.54339599609375,277.3075
260.8393859863281,295.1725
261.1354064941406,306.4975
261.43133544921875,333.065
261.7272644042969,345.565
262.023193359375,380.1325
262.3191223144531,402.235
262.614990234375,426.8925
262.9108581542969,451.565
263.2066955566406,483.1775
263.5025939941406,495.45
263.79840087890625,529.5425
264.09417724609375,559.4675
264.3899841308594,589.05
264.6856994628906,607.315
264.9814453125,642.2375
265.2771911621094,658.6925
265.5729064941406,687.08
265.86859130859375,714.3075
266.16424560546875,738.25
266.45989990234375,758.05
266.7555236816406,773.8975
267.0511474609375,796.315
267.34674072265625,815.4075
267.642333984375,828.8475
267.9378967285156,841.3225
268.2333984375,849.1475
268.5289611816406,863.53
268.824462890625,874.445
269.11993408203125,888.7875
269.4154357910156,885.3525
269.71087646484375,888.5525
270.00628662109375,912.9775
270.30169677734375,906.1775
270.5970764160156,904.44
270.8924865722656,909.565
271.1878356933594,912.1175
271.483154296875,920.405
271.7785339355469,911.5475
272.07379150390625,917.645
272.36907958984375,921.385
272.6643371582031,915.4125
272.9595947265625,908.315
273.2547912597656,917.905
273.550048828125,915.05
273.84521484375,923.8375
274.140380859375,921.18
274.435546875,930.8075
274.7306823730469,928.54
275.02581787109375,931.6075
275.3208923339844,929.8975
275.615966796875,940.94
275.9110412597656,953.3475
276.2060852050781,962.0475
276.5010986328125,970.89
276.796142578125,978.835
277.09112548828125,989.7225
277.38604736328125,1002.7875
277.6809997558594,1005.605
277.9759521484375,1033.45
278.2708740234375,1037.0525
278.5657653808594,1046.0275
278.8606262207031,1054.32
279.155517578125,1072.4
279.4503479003906,1088.35
279.7451477050781,1101.245
280.0399475097656,1113.7475
280.3347473144531,1129.8875
280.6295166015625,1144.155
280.9242858886719,1161.1925
281.218994140625,1177.0225
281.5137023925781,1189.6525
281.808349609375,1206.87
282.10302734375,1220.17
282.397705078125,1228.8
282.69232177734375,1246.66
282.9869079589844,1259.215
283.28155517578125,1267.0975
283.57611083984375,1282.15
283.87066650390625,1295.5475
284.16522216796875,1295.625
284.4597473144531,1313.0975
284.7542419433594,1326.585
285.0487060546875,1330.2625
285.3431396484375,1341.835
285.6376037597656,1350.3175
285.9320373535156,1361.4825
286.2264404296875,1359.035
286.5208435058594,1385.1025
286.8152160644531,1385.8075
287.10955810546875,1388.635
287.4039306640625,1398.215
287.6982116699219,1401.805
287.9925231933594,1411.0725
288.28680419921875,1414.5675
288.5810546875,1417.3625
288.8752746582031,1435.7775
289.1695251464844,1445.28
289.46368408203125,1450.11
289.7579040527344,1447.6625
290.0520324707031,1461.535
290.34619140625,1459.2675
290.64031982421875,1462.2275
290.9344177246094,1460.9925
291.228515625,1475.1225
291.5226135253906,1476.2425
291.816650390625,1478.9825
292.1106872558594,1491.6075
292.4046936035156,1484.37
292.6986999511719,1492.755
292.9926452636719,1490.9
293.28662109375,1492.985
293.5805358886719,1488.995
293.87445068359375,1492.7075
294.1683654785156,1486.4875
294.4622497558594,1489.3775
294.7561340332031,1489.0525
295.0499572753906,1476.1925
295.3437805175781,1472.64
295.6376037597656,1480.4425
295.931396484375,1471.6825
296.22515869140625,1459.11
296.51885986328125,1461.555
296.8125915527344,1468.1425
297.1063232421875,1446.065
297.3999938964844,1442.8875
297.69366455078125,1431.81
297.98736572265625,1432.155
298.2809753417969,1429.84
298.5745544433594,1418.565
298.8681945800781,1415.7675
299.1617431640625,1406.2625
299.4552917480469,1399.3625
299.7488708496094,1415.335
300.0423583984375,1402.465
300.33587646484375,1401.2425
300.6293640136719,1396.9825
300.92279052734375,1396.8025
301.21624755859375,1385.335
301.5096740722656,1392.87
301.8030700683594,1391.5225
302.0964660644531,1395.03
302.3898620605469,1386.48
302.6831970214844,1400.32
302.9765319824219,1395.4825
303.26983642578125,1403.49
303.5631103515625,1405.615
303.85638427734375,1405.6975
304.1496276855469,1407.0325
304.44287109375,1428.095
304.7360534667969,1432.0525
305.0292663574219,1427.0
305.32244873046875,1448.2225
305.6156005859375,1451.2775
305.9087219238281,1453.3525
306.2018737792969,1461.8075
306.4949645996094,1480.3325
306.78802490234375,1491.535
307.08111572265625,1489.3975
307.3741455078125,1506.4775
307.6671447753906,1518.4725
307.96014404296875,1532.8425
308.2531433105469,1540.24
308.54608154296875,1552.74
308.83905029296875,1558.59
309.1319580078125,1576.1275
309.4248962402344,1586.6275
309.7177734375,1602.41
310.0106201171875,1612.1
310.3034973144531,1620.165
310.5963134765625,1617.6225
310.88909912109375,1646.32
311.1819152832031,1654.95
311.47467041015625,1671.1725
311.7674255371094,1675.2975
312.0601501464844,1685.27
312.3528747558594,1701.1725
312.64556884765625,1700.445
312.938232421875,1708.045
313.2308654785156,1723.9825
313.5235595703125,1732.88
313.816162109375,1738.87
314.1087341308594,1741.9725
314.4013366699219,1752.605
314.6938781738281,1748.6275
314.9864196777344,1775.3725
315.2789306640625,1774.9475
315.5714111328125,1787.1575
315.8639221191406,1784.0525
316.1563720703125,1788.15
316.4488220214844,1803.2425
316.7412414550781,1788.6425
317.0336608886719,1797.0175
317.3260192871094,1799.335
317.618408203125,1801.3
317.9107360839844,1802.88
318.2030334472656,1808.1325
318.495361328125,1804.255
318.78765869140625,1798.1
319.0799255371094,1804.6875
319.3721618652344,1807.49
319.66436767578125,1808.68
319.95660400390625,1803.22
320.248779296875,1791.53
320.54095458984375,1799.32
320.8330993652344,1799.6
321.1252136230469,1801.0225
321.4173278808594,1804.72
321.7094421386719,1802.3975
322.0014953613281,1784.785
322.2935485839844,1786.925
322.5855712890625,1779.2425
322.8775939941406,1774.08
323.1695861816406,1776.58
323.4615783691406,1777.8675
323.7535095214844,1769.6575
324.04547119140625,1765.7025
324.3373718261719,1752.3425
324.6292724609375,1752.1775
324.921142578125,1757.115
325.2130126953125,1726.95
325.50482177734375,1736.115
325.79669189453125,1735.195
326.0884094238281,1729.415
326.3802185058594,1713.7575
326.6720275878906,1707.02
326.9637145996094,1695.015
327.25543212890625,1691.135
327.5471496582031,1674.2675
327.83880615234375,1669.105
328.1304931640625,1655.2375
328.422119140625,1651.1475
328.7137451171875,1641.805
329.00537109375,1624.19
329.2969055175781,1615.685
329.5884704589844,1609.905
329.8800354003906,1597.885
330.1715393066406,1587.7675
330.4630432128906,1570.1825
330.7545166015625,1567.285
331.0459899902344,1555.61
331.3374328613281,1544.4125
331.62884521484375,1535.8125
331.9202575683594,1514.1425
332.2116394042969,1506.975
332.50299072265625,1489.96
332.7943420410156,1486.6875
333.085693359375,1473.515
333.3769226074219,1474.615
333.66827392578125,1465.9075
333.95953369140625,1442.4175
334.250732421875,1446.54
334.5419921875,1443.9775
334.83319091796875,1435.4
335.1243591308594,1420.4
335.4155578613281,1416.5225
335.7066955566406,1408.9025
335.997802734375,1411.57
336.2889404296875,1400.215
336.58001708984375,1394.2675
336.8710632324219,1388.0325
337.1621398925781,1383.19
337.453125,1374.2125
337.744140625,1384.61
338.03515625,1376.9575
338.32611083984375,1364.8525
338.6170349121094,1372.5275
338.9079895019531,1373.6275
339.1988525390625,1360.965
339.48980712890625,1370.15
339.7806396484375,1361.02
340.07147216796875,1364.655
340.3623352050781,1371.1675
340.65313720703125,1352.215
340.94390869140625,1374.54
341.2347106933594,1379.6325
341.5254211425781,1374.645
341.816162109375,1375.53
342.10687255859375,1371.6175
342.39752197265625,1374.25
342.688232421875,1375.4925
342.9788513183594,1392.65
343.26947021484375,1389.4625
343.5600891113281,1385.6
343.8506774902344,1396.31
344.1412353515625,1392.5675
344.43182373046875,1405.4825
344.7222900390625,1406.685
345.0128479003906,1410.4825
345.3033447265625,1421.025
345.59375,1422.1525
345.88421630859375,1425.1125
346.1746520996094,1434.1325
346.4650573730469,1447.61
346.7554626464844,1448.4675
347.04583740234375,1447.67
347.336181640625,1452.005
347.62652587890625,1470.62
347.91680908203125,1471.285
348.20709228515625,1485.825
348.49737548828125,1487.775
348.78759765625,1491.54
349.07781982421875,1489.6275
349.3680419921875,1487.3625
349.658203125,1498.9925
349.9483947753906,1504.4775
350.238525390625,1511.31
350.52862548828125,1518.025
350.81878662109375,1522.3325
351.1088562011719,1527.305
351.3988952636719,1530.74
351.68896484375,1530.2025
351.9789733886719,1541.2275
352.26898193359375,1546.62
352.5589904785156,1557.4575
352.8489074707031,1560.1075
353.13885498046875,1557.595
353.4288024902344,1568.7825
353.71868896484375,1559.87
354.0085754394531,1564.7975
354.2984313964844,1568.795
354.5882873535156,1571.49
354.87811279296875,1572.23
355.1679382324219,1584.63
355.4576721191406,1581.8275
355.7474670410156,1582.4275
356.03717041015625,1582.1675
356.326904296875,1585.825
356.61663818359375,1588.6925
356.9062805175781,1585.4425
357.19598388671875,1585.095
357.485595703125,1584.97
357.77520751953125,1584.635
358.0648193359375,1591.28
358.3544006347656,1583.2925
358.6439514160156,1574.805
358.9335021972656,1577.045
359.2230224609375,1582.42
359.51251220703125,1588.16
359.802001953125,1582.27
360.0914306640625,1576.0225
360.380859375,1572.6125
360.6702880859375,1576.2275
360.95965576171875,1581.29
361.24908447265625,1574.2275
361.5384216308594,1576.375
361.8277282714844,1571.7375
362.1170654296875,1568.2225
362.4063415527344,1568.8125
362.69561767578125,1575.9575
362.9848937988281,1560.67
363.2740783691406,1551.555
363.5633239746094,1561.29
363.8525390625,1554.0525
364.14166259765625,1553.4875
364.43084716796875,1543.31
364.719970703125,1546.4775
365.0090637207031,1546.63
365.29815673828125,1537.245
365.58721923828125,1526.5125
365.87628173828125,1539.64
366.1653137207031,1535.535
366.4543151855469,1550.2025
366.7432861328125,1565.1425
367.0322570800781,1557.4125
367.3211669921875,1543.3475
367.6101379394531,1562.08
367.8990478515625,1551.3575
368.1878967285156,1518.9225
368.476806640625,1520.625
368.765625,1514.2375
369.054443359375,1510.03
369.34326171875,1495.6875
369.63201904296875,1493.8825
369.9207763671875,1484.8275
370.20953369140625,1452.9575
370.49822998046875,1444.4325
370.78692626953125,1437.77
371.0756530761719,1432.245
371.3642578125,1433.0225
371.6529235839844,1410.43
371.9415283203125,1424.715
372.2301025390625,1411.09
372.5187072753906,1397.56
372.8072509765625,1401.47
373.0957946777344,1386.1975
373.3843078613281,1389.2275
373.67279052734375,1377.19
373.96124267578125,1379.5475
374.2497253417969,1388.53
374.5381164550781,1384.675
374.8265380859375,1381.16
375.11492919921875,1385.505
375.4032897949219,1401.8025
375.691650390625,1395.6525
375.9799499511719,1399.005
376.2682800292969,1378.4175
376.5565490722656,1363.335
376.8448181152344,1364.61
377.133056640625,1366.7775
377.42132568359375,1369.5575
377.7095031738281,1392.78
377.9976501464844,1394.735
378.2858581542969,1403.69
378.573974609375,1400.2825
378.8620910644531,1399.695
379.1501770019531,1415.81
379.438232421875,1462.6775
379.7263488769531,1452.5175
380.01434326171875,1393.005
380.3023681640625,1374.38
380.59039306640625,1385.9725
380.87835693359375,1391.105
381.1662902832031,1395.6125
381.4542236328125,1364.36
381.7420959472656,1344.9025
382.030029296875,1356.9925
382.3179016113281,1379.33
382.605712890625,1414.085
382.8935852050781,1429.7725
383.1813659667969,1406.725
383.4691162109375,1380.81
383.7569274902344,1369.4575
384.044677734375,1377.095
384.3323669433594,1388.9575
384.6201171875,1392.5525
384.90777587890625,1400.7925
385.1954040527344,1412.32
385.48309326171875,1393.02
385.7706604003906,1390.295
386.05828857421875,1400.0975
386.3458251953125,1415.38
386.6333923339844,1418.4875
386.92095947265625,1423.855
387.20843505859375,1449.705
387.4959411621094,1478.8625
387.7834167480469,1512.6525
388.07086181640625,1520.9725
388.3582763671875,1525.58
388.6457214355469,1552.685
388.93304443359375,1567.1475
389.2204284667969,1537.605
389.5078430175781,1478.61
389.7950744628906,1456.63
390.0824279785156,1466.665
390.36968994140625,1480.47
390.6569519042969,1497.8675
390.9442138671875,1518.655
391.2314147949219,1532.4075
391.5185852050781,1536.8275
391.8057861328125,1557.4675
392.09295654296875,1594.2175
392.3800964355469,1641.3825
392.667236328125,1677.775
392.9542541503906,1738.2325
393.2413635253906,1802.8725
393.5284423828125,1770.205
393.8154296875,1686.59
394.1024475097656,1664.6725
394.3894348144531,1683.3975
394.6763916015625,1712.6675
394.9633483886719,1749.1375
395.2502746582031,1718.165
395.53717041015625,1693.625
395.8240661621094,1689.77
396.1109313964844,1702.4375
396.39776611328125,1717.165
396.6845703125,1740.425
396.9713439941406,1777.1525
397.25811767578125,1784.455
397.54486083984375,1818.8275
397.8316345214844,1890.785
398.11834716796875,1919.9875
398.4049987792969,1958.035
398.6916809082031,2051.88
398.97833251953125,2049.6125
399.2649841308594,1958.485
399.55157470703125,1944.115
399.8381652832031,1938.12
400.12469482421875,1930.5525
400.4112548828125,1905.17
400.69781494140625,1886.3775
400.9842529296875,1910.7025
401.2707824707031,1948.28
401.5572204589844,1943.3275
401.8436279296875,1904.0625
402.13006591796875,1916.2175
402.4164733886719,1950.7625
402.70281982421875,1946.27
402.98919677734375,1951.17
403.2755126953125,1970.07
403.5617980957031,1973.87
403.84808349609375,2002.2725
404.13433837890625,2018.7175
404.42059326171875,2037.0575
404.7068176269531,2074.0725
404.9930114746094,2121.105
405.2792053222656,2148.31
405.56536865234375,2209.6
405.85150146484375,2227.855
406.13763427734375,2191.9525
406.4236755371094,2146.4075
406.70977783203125,2089.265
406.995849609375,2067.1775
407.2818298339844,2043.34
407.56787109375,2042.685
407.8538513183594,2043.975
408.1398010253906,2070.51
408.42578125,2097.3375
408.711669921875,2154.6
408.99755859375,2176.3725
409.2834777832031,2139.8575
409.5693054199219,2142.2625
409.8551330566406,2150.455
410.1409912109375,2180.9575
410.4267578125,2168.4875
410.7125244140625,2122.5425
410.998291015625,2124.75
411.28399658203125,2146.6825
411.5697326660156,2168.4625
411.8554382324219,2158.0675
412.1410217285156,2176.08
412.42669677734375,2226.1225
412.7123107910156,2306.9225
412.9979248046875,2320.26
413.28350830078125,2315.34
413.5690612792969,2343.2825
413.8545837402344,2334.495
414.1401062011719,2258.0625
414.42559814453125,2220.915
414.7110595703125,2216.6175
414.9965515136719,2222.57
415.28192138671875,2232.1925
415.5673522949219,2232.635
415.85272216796875,2218.2775
416.1380920410156,2203.3725
416.4234313964844,2216.59
416.7087707519531,2230.44
416.9940490722656,2207.2725
417.2793273925781,2182.3975
417.5645751953125,2198.215
417.84979248046875,2212.12
418.1350402832031,2160.2325
418.420166015625,2162.5275
418.70538330078125,2155.685
418.99053955078125,2136.61
419.275634765625,2134.01
419.56072998046875,2164.0825
419.8458251953125,2139.0
420.130859375,2132.87
420.41595458984375,2132.6325
420.7009582519531,2211.3325
420.9859313964844,2243.1525
421.27093505859375,2282.4775
421.55584716796875,2404.2475
421.8407897949219,2487.4225
422.1257019042969,2488.1275
422.4105529785156,2452.625
422.6954345703125,2422.96
422.98028564453125,2394.8975
423.2651062011719,2399.805
423.5498962402344,2463.7775
423.8346862792969,2458.91
424.1194152832031,2341.9775
424.4041748046875,2283.185
424.6888732910156,2274.9575
424.97357177734375,2287.365
425.25823974609375,2315.4675
425.5428771972656,2273.6075
425.8275146484375,2245.7925
426.11212158203125,2191.02
426.39666748046875,2146.83
426.6812438964844,2181.895
426.96575927734375,2171.9175
427.2502746582031,2192.5975
427.5347900390625,2301.795
427.8192443847656,2426.56
428.10369873046875,2255.99
428.3881530761719,2161.74
428.6725158691406,2216.0925
428.9569091796875,2205.8175
429.24127197265625,2192.555
429.52557373046875,2247.505
429.8099365234375,2340.4675
430.09423828125,2395.9925
430.37847900390625,2363.2625
430.6627502441406,2367.3725
430.94696044921875,2364.9025
431.2311706542969,2319.3975
431.5153503417969,2247.5075
431.7995300292969,2196.905
432.08367919921875,2136.6375
432.3677978515625,2114.4075
432.65191650390625,2132.2725
432.93597412109375,2119.8225
433.22003173828125,2104.1125
433.5040588378906,2112.7575
433.7880554199219,2282.32
434.0720520019531,2367.3625
434.3559875488281,2234.7275
434.63995361328125,2149.23
434.92388916015625,2149.3975
435.207763671875,2191.6175
435.4916687011719,2207.42
435.7755126953125,2200.7475
436.059326171875,2158.165
436.3431701660156,2180.2625
436.6269226074219,2276.2475
436.91070556640625,2265.29
437.1944885253906,2194.965
437.4781494140625,2187.255
437.7618713378906,2187.985
438.0455627441406,2202.3275
438.3291931152344,2226.79
438.61285400390625,2261.985
438.8964538574219,2267.7925
439.1800231933594,2255.075
439.4636535644531,2236.515
439.7471923828125,2236.65
440.0306701660156,2233.9225
440.314208984375,2223.335
440.59765625,2219.22
440.8811340332031,2255.225
441.16455078125,2384.7
441.44793701171875,2513.71
441.7313537597656,2535.375
442.0147399902344,2439.265
442.298095703125,2417.8275
442.5814208984375,2389.7825
442.8647155761719,2348.61
443.1479797363281,2381.625
443.4312744140625,2428.9675
443.7144775390625,2452.2925
443.9976806640625,2431.985
444.2808837890625,2375.3425
444.56402587890625,2384.85
444.8471984863281,2395.075
445.13031005859375,2371.035
445.4134216308594,2408.15
445.6965026855469,2377.19
445.97955322265625,2348.5975
446.2625732421875,2400.3625
446.5456237792969,2456.555
446.82861328125,2436.505
447.111572265625,2371.9575
447.39453125,2393.955
447.6773986816406,2388.335
447.9603271484375,2402.33
448.2432556152344,2397.89
448.52606201171875,2376.1925
448.80889892578125,2414.2275
449.09173583984375,2429.795
449.37451171875,2434.2725
449.65728759765625,2429.83
449.9399719238281,2439.6575
450.2227478027344,2448.64
450.5054626464844,2434.475
450.7880859375,2447.4125
451.0707702636719,2434.555
451.3534240722656,2412.5575
451.6360168457031,2406.62
451.9186096191406,2484.345
452.2012023925781,2485.6025
452.48370361328125,2448.6275
452.7662353515625,2466.73
453.04876708984375,2486.4525
453.3312072753906,2445.185
453.6136779785156,2446.525
453.8960876464844,2489.18
454.1784973144531,2486.9875
454.4609069824219,2453.37
454.74322509765625,2473.4925
455.0256042480469,2545.9375
455.30792236328125,2599.49
455.5901794433594,2605.19
455.8724670410156,2573.1225
456.1547546386719,2557.0075
456.43695068359375,2574.8975
456.71917724609375,2598.755
457.0013122558594,2637.875
457.28350830078125,2649.525
457.565673828125,2698.2925
457.8477478027344,2747.2275
458.1298522949219,2764.525
458.41192626953125,2782.81
458.6939697265625,2801.3025
458.9759826660156,2776.135
459.2580261230469,2803.54
459.53997802734375,2808.2075
459.82196044921875,2847.715
460.1039123535156,2815.6125
460.3857727050781,2756.0125
460.6676940917969,2790.395
460.94952392578125,2806.9075
461.23138427734375,2824.88
461.5132141113281,2876.335
461.79498291015625,2819.2975
462.0767822265625,2734.88
462.35858154296875,2725.3375
462.6402587890625,2846.3225
462.9219970703125,2872.9925
463.2037048339844,2855.1025
463.4853210449219,2979.9525
463.7669677734375,3040.3025
464.048583984375,3023.6675
464.3301696777344,3137.545
464.61175537109375,3122.4875
464.8932800292969,3172.99
465.1748352050781,3280.8
465.4563903808594,3173.0
465.73779296875,3218.12
466.019287109375,3346.435
466.3007507324219,3283.9325
466.5821228027344,3120.905
466.8635559082031,3145.04
467.1449279785156,3163.75
467.42620849609375,3196.5825
467.7075500488281,3180.02
467.98883056640625,3233.655
468.2701416015625,3341.98
468.5513916015625,3308.5675
468.8326110839844,3276.49
469.11383056640625,3249.0725
469.3950500488281,3234.295
469.6761474609375,3256.595
469.95733642578125,3229.185
470.23846435546875,3268.985
470.51953125,3294.8725
470.8006286621094,3327.92
471.0816955566406,3347.0425
471.3626708984375,3370.34
471.6437072753906,3395.4225
471.9246520996094,3423.54
472.20562744140625,3474.545
472.486572265625,3508.1025
472.7674560546875,3551.04
473.04833984375,3680.77
473.3292541503906,3743.4175
473.61004638671875,3728.9925
473.8908996582031,3708.86
474.1717224121094,3708.755
474.45245361328125,3745.0175
474.73321533203125,3730.0275
475.013916015625,3810.66
475.2946472167969,3925.7075
475.5753479003906,3976.9525
475.85595703125,3923.29
476.1366271972656,3900.1975
476.417236328125,3944.425
476.69781494140625,4022.9925
476.9784240722656,3971.545
477.25897216796875,3940.2525
477.5394592285156,3978.5075
477.8199768066406,4029.6475
478.1004638671875,4164.0125
478.380859375,4182.755
478.6613464355469,4109.875
478.94171142578125,4085.265
479.22210693359375,4123.67
479.50250244140625,4204.085
479.78277587890625,4197.3525
480.0631408691406,4259.575
480.34344482421875,4371.9525
480.6236572265625,4355.29
480.9039306640625,4309.8275
481.1841735839844,4274.37
481.46435546875,4363.13
481.7445373535156,4393.765
482.024658203125,4391.475
482.3047790527344,4413.745
482.5849304199219,4393.6275
482.8649597167969,4365.9475
483.14508056640625,4376.4625
483.42510986328125,4451.7375
483.705078125,4526.755
483.985107421875,4480.7225
484.2651062011719,4513.35
484.54498291015625,4659.4325
484.824951171875,4705.1025
485.1048583984375,4695.9875
485.38470458984375,4609.155
485.6645812988281,5317.725
485.9443664550781,8516.0075
486.2242126464844,8373.755
486.5039978027344,5302.0075
486.7837219238281,4589.2225
487.0634765625,4674.8825
487.34320068359375,4816.7425
487.62286376953125,4723.135
487.9025573730469,4628.3275
488.1822204589844,4581.89
488.4617919921875,4456.175
488.74139404296875,4542.1525
489.02099609375,4573.5575
489.300537109375,4615.3675
489.580078125,4587.535
489.8595275878906,4618.6775
490.1390380859375,4628.71
490.41851806640625,4583.2575
490.69793701171875,4512.9225
490.97735595703125,4529.165
491.2567443847656,4617.2825
491.53607177734375,4515.9275
491.8154602050781,4427.9525
492.0947570800781,4500.185
492.3740539550781,4528.965
492.6533508300781,4532.5225
492.93255615234375,4539.87
493.2117614746094,4539.7125
493.49102783203125,4549.7
493.7701416015625,4566.1225
494.04931640625,4517.425
494.3284912109375,4487.3275
494.6075134277344,4549.44
494.88665771484375,4501.895
495.1657409667969,4408.4425
495.4447326660156,4416.9025
495.7237548828125,4392.1825
496.0027770996094,4480.165
496.2817077636719,4658.6225
496.5606689453125,4662.0325
496.8395690917969,4624.665
497.11846923828125,4489.855
497.3973693847656,4451.995
497.6761779785156,4453.525
497.95501708984375,4439.8725
498.2338562011719,4492.7475
498.5126037597656,4579.9425
498.7913513183594,4599.6
499.07012939453125,4648.47
499.3487854003906,4593.5675
499.62750244140625,4593.1625
499.9060974121094,4629.2075
500.1847839355469,4570.7925
500.4634094238281,4540.6575
500.7419738769531,4549.0575
501.0205383300781,4594.665
501.29913330078125,4722.465
501.5776062011719,4792.0825
501.8561096191406,4664.4125
502.1346130371094,4634.2475
502.4130554199219,4762.715
502.6914978027344,4735.12
502.96990966796875,4691.005
503.2482604980469,4753.3075
503.5266418457031,4800.4325
503.8049011230469,4804.275
504.0832214355469,4689.2525
504.3615417480469,4694.6475
504.6397705078125,4711.6925
504.91802978515625,4692.8875
505.1962585449219,4733.9225
505.4743957519531,4799.38
505.7525939941406,4751.6925
506.03076171875,4696.1075
506.3088684082031,4726.0
506.58697509765625,4796.555
506.8650817871094,4754.035
507.1430969238281,4688.0275
507.4211120605469,4602.0825
507.6990966796875,4700.35
507.9770812988281,4784.1375
508.25506591796875,4756.8475
508.532958984375,4715.2025
508.8108825683594,4748.5175
509.0887756347656,4701.0675
509.3666076660156,4663.1975
509.6444396972656,4681.1225
509.92230224609375,4715.14
510.2000427246094,4718.42
510.47784423828125,4703.705
510.7554931640625,4718.7525
511.0332946777344,4729.43
511.31097412109375,4748.19
511.588623046875,4736.8625
511.86627197265625,4725.235
512.1439208984375,4679.345
512.4215087890625,4632.705
512.6990356445312,4673.1075
512.9766845703125,4694.0525
513.2540893554688,4673.6875
513.5316772460938,4665.2225
513.8091430664062,4630.59
514.0866088867188,4673.865
514.364013671875,4652.425
514.6414184570312,4642.4175
514.9188232421875,4639.46
515.1961669921875,4611.98
515.4735107421875,4587.165
515.7507934570312,4644.685
516.0281372070312,4667.6575
516.3053588867188,4622.9225
516.5826416015625,4633.8725
516.85986328125,4673.8725
517.1370239257812,4660.42
517.4142456054688,4610.16
517.6912841796875,4609.29
517.9684448242188,4654.02
518.2455444335938,4639.115
518.5225830078125,4639.8275
518.7996826171875,4641.9375
519.0767211914062,4673.7225
519.3536987304688,4716.3175
519.6306762695312,4677.88
519.9076538085938,4658.7725
520.1845703125,4617.5975
520.4614868164062,4605.0625
520.7384033203125,4589.3475
521.0151977539062,4627.44
521.2920532226562,4670.78
521.56884765625,4681.9175
521.8456420898438,4635.73
522.1224365234375,4601.2575
522.3991088867188,4602.3225
522.6758422851562,4639.7525
522.9525146484375,4643.235
523.2291870117188,4660.1175
523.505859375,4638.4925
523.782470703125,4658.9125
524.05908203125,4687.28
524.3356323242188,4695.56
524.6121826171875,4666.5875
524.888671875,4705.8825
525.1652221679688,4693.1025
525.441650390625,4687.635
525.7180786132812,4697.9925
525.9945068359375,4727.955
526.2708740234375,4727.23
526.5473022460938,4744.6325
526.8236694335938,4745.98
527.0999755859375,4794.3275
527.3762817382812,4777.0975
527.6526489257812,4755.675
527.9288330078125,4773.985
528.205078125,4756.5975
528.481201171875,4785.39
528.7574462890625,4866.2125
529.0336303710938,4881.8225
529.3097534179688,4839.165
529.5858154296875,4852.15
529.8619995117188,4825.5675
530.1380004882812,4870.4025
530.4140014648438,4879.2525
530.6900634765625,4891.345
530.9660034179688,4913.7125
531.2420043945312,4886.4025
531.5179443359375,4906.5525
531.7938842773438,4959.96
532.0697631835938,4968.3325
532.3456420898438,4944.355
532.6214599609375,4966.01
532.8972778320312,5035.5
533.1730346679688,5107.2725
533.4488525390625,5143.57
533.7246704101562,5122.215
534.0003662109375,5112.8275
534.2760620117188,5152.285
534.5517578125,5175.36
534.8273315429688,5151.1775
535.1029663085938,5181.195
535.3785400390625,5246.82
535.6541748046875,5205.9575
535.9297485351562,5208.25
536.2052612304688,5228.5275
536.480712890625,5193.1175
536.7562866210938,5206.8325
537.0316772460938,5200.99
537.30712890625,5252.535
537.58251953125,5307.1375
537.8578491210938,5333.6425
538.1332397460938,5359.02
538.4086303710938,5382.7925
538.6838989257812,5398.43
538.959228515625,5421.0675
539.2344360351562,5429.6625
539.5096435546875,5445.34
539.784912109375,5459.87
540.06005859375,5435.68
540.335205078125,5420.535
540.6104125976562,5478.815
540.885498046875,5578.33
541.1605834960938,5558.97
541.4357299804688,5566.305
541.710693359375,5561.47
541.9857177734375,5631.29
542.2607421875,5683.7025
542.53564453125,5696.765
542.8106689453125,5690.9225
543.0855102539062,5643.6275
543.3604125976562,5688.2025
543.6353149414062,5730.425
543.9100952148438,5755.8425
544.1849975585938,5784.89
544.4597778320312,5793.305
544.7344970703125,5809.4075
545.00927734375,5848.7375
545.2840576171875,5875.49
545.5586547851562,5838.27
545.8333740234375,5846.8875
546.1079711914062,5846.5925
546.3826293945312,5891.25
546.6572265625,5915.01
546.9317626953125,5940.645
547.2063598632812,5971.825
547.4808959960938,6057.545
547.75537109375,6135.51
548.0298461914062,6193.95
548.3043212890625,6174.9825
548.5786743164062,6145.245
548.8531494140625,6143.5925
549.1275024414062,6142.09
549.40185546875,6076.1075
549.6762084960938,6169.3375
549.9505004882812,6233.4
550.2247924804688,6160.3375
550.4990844726562,6239.625
550.7732543945312,6235.84
551.0474853515625,6240.2425
551.3217163085938,6216.315
551.5957641601562,6263.9975
551.8699340820312,6428.125
552.14404296875,6496.7925
552.4181518554688,6472.95
552.6921997070312,6457.8775
552.9661865234375,6483.5175
553.240234375,6496.1
553.5142211914062,6574.29
553.7881469726562,6626.64
554.0620727539062,6591.54
554.3360595703125,6582.5325
554.60986328125,6521.105
554.8837280273438,6578.1075
555.1575927734375,6721.6575
555.431396484375,6775.3975
555.7052001953125,6749.825
555.9789428710938,6816.17
556.252685546875,6807.055
556.5263671875,6826.7625
556.800048828125,6743.55
557.07373046875,6846.005
557.347412109375,6861.705
557.6209716796875,6879.6525
557.89453125,6941.3275
558.1681518554688,6967.4075
558.441650390625,6913.8375
558.7152099609375,6946.6175
558.9887084960938,7001.43
559.2620849609375,7070.98
559.5355834960938,7083.2475
559.8090209960938,7123.1075
560.0823974609375,7241.825
560.355712890625,7301.0625
560.6290283203125,7281.185
560.90234375,7350.4025
561.1756591796875,7334.615
561.4489135742188,7304.6275
561.72216796875,7338.7025
561.9954223632812,7376.0475
562.2685546875,7404.1475
562.541748046875,7391.7125
562.81494140625,7434.985
563.0879516601562,7506.895
563.361083984375,7552.8625
563.6340942382812,7580.2225
563.9071655273438,7615.7225
564.1802368164062,7735.8875
564.453125,7750.8
564.7261352539062,7691.27
564.9990844726562,7783.1075
565.27197265625,7889.1575
565.5448608398438,7745.52
565.8177490234375,7739.0475
566.090576171875,7899.72
566.3634033203125,7896.77
566.6361694335938,7966.0125
566.908935546875,8100.6075
567.1817016601562,8208.9225
567.454345703125,8313.3825
567.72705078125,8234.505
567.999755859375,8246.1025
568.2723999023438,8370.38
568.5449829101562,8502.17
568.817626953125,8593.2775
569.0901489257812,8593.6175
569.3626708984375,8847.815
569.6351928710938,9178.7675
569.9076538085938,9169.9425
570.18017578125,9087.97
570.4525756835938,8941.7825
570.7249755859375,9025.4475
570.9974365234375,9457.245
571.2697143554688,9547.2425
571.5420532226562,9386.595
571.8143920898438,9739.015
572.086669921875,9801.0725
572.3589477539062,9260.65
572.6311645507812,9048.215
572.9033813476562,9084.8075
573.1755981445312,9898.2925
573.44775390625,10165.62
573.7198486328125,9992.8275
573.9920043945312,9917.43
574.2640380859375,10405.3375
574.5360717773438,10216.145
574.8081665039062,10125.825
575.0801391601562,10365.8125
575.3521728515625,10151.81
575.6241455078125,9784.09
575.8960571289062,9938.43
576.1679077148438,10149.57
576.4398803710938,10507.315
576.711669921875,10339.815
576.9835205078125,10394.595
577.2553100585938,10232.16
577.527099609375,11121.5775
577.798828125,11916.495
578.070556640625,11581.545
578.34228515625,10713.66
578.6139526367188,10474.395
578.8856201171875,10424.92
579.1572265625,10055.6025
579.4288940429688,10697.33
579.7003784179688,11198.175
579.9719848632812,10800.1925
580.2435302734375,11122.7775
580.5150146484375,10942.9125
580.7864990234375,10357.145
581.0579223632812,10740.395
581.3294067382812,13140.885
581.600830078125,13594.345
581.8721313476562,12038.5525
582.1434936523438,12011.0
582.4148559570312,11293.845
582.6860961914062,10525.2
582.9574584960938,10377.57
583.2286987304688,10230.44
583.4998779296875,10016.9325
583.7711181640625,10076.62
584.0422973632812,10787.69
584.3133544921875,11192.9175
584.5845336914062,11039.715
584.8555908203125,11593.43
585.1266479492188,11917.4325
585.3977661132812,11331.575
585.6687622070312,11354.595
585.9397583007812,11126.08
586.2107543945312,10500.4375
586.481689453125,10438.6225
586.7526245117188,10586.3275
587.0234985351562,11012.9575
587.2943115234375,11203.1425
587.565185546875,11301.87
587.8359985351562,11396.1725
588.1068115234375,10737.425
588.3775634765625,10941.645
588.6483154296875,11160.5725
588.9190063476562,10567.215
589.189697265625,10206.48
589.4603271484375,10269.4925
589.7310180664062,10641.99
590.0015869140625,10529.18
590.2721557617188,10278.225
590.542724609375,10439.735
590.8133544921875,10361.005
591.0838012695312,10218.44
591.3543090820312,10293.49
591.624755859375,10484.125
591.8951416015625,10470.7425
592.1655883789062,10178.7125
592.4359130859375,10683.9375
592.706298828125,11799.8875
592.9766845703125,11659.235
593.2469482421875,11179.27
593.5172119140625,11196.8725
593.7874755859375,10921.63
594.0577392578125,10771.0925
594.3279418945312,10462.45
594.5980834960938,10686.95
594.8682250976562,11457.835
595.1383666992188,11396.215
595.408447265625,10987.715
595.6785278320312,10844.885
595.9485473632812,10743.615
596.2185668945312,10468.5075
596.4885864257812,10546.385
596.7586059570312,10491.875
597.0285034179688,10706.36
597.2984619140625,10753.45
597.5682983398438,10960.635
597.8381958007812,10866.5725
598.1080322265625,10477.0725
598.3778076171875,10551.1575
598.6476440429688,11068.945
598.9174194335938,11763.4175
599.1870727539062,11150.3725
599.4568481445312,10714.27
599.7265014648438,10920.41
599.9961547851562,11045.9875
600.2658081054688,11142.2275
600.5354614257812,10986.405
600.8049926757812,11008.7225
601.0745849609375,11242.0
601.3441162109375,10973.875
601.6135864257812,10799.145
601.883056640625,10966.31
602.1524658203125,10726.9725
602.4219360351562,10722.23
602.6913452148438,11116.0
602.960693359375,10993.1675
603.2301025390625,11344.265
603.4994506835938,11429.83
603.7686767578125,11027.7975
604.0379638671875,10798.4825
604.3072509765625,10768.5175
604.576416015625,10619.9425
604.8456420898438,10521.185
605.1148071289062,10863.14
605.3839721679688,11043.105
605.653076171875,10940.0025
605.922119140625,11032.47
606.1912231445312,10707.7625
606.4602661132812,10585.36
606.7293090820312,10800.72
606.9982299804688,10794.4625
607.2672729492188,10793.55
607.5361328125,10730.7425
607.8051147460938,10636.79
608.073974609375,10559.2925
608.3428344726562,10618.92
608.6116333007812,10574.225
608.8804321289062,10539.625
609.1492309570312,10477.38
609.41796875,10268.175
609.6866455078125,10595.73
609.9553833007812,11020.5025
610.22412109375,10805.4425
610.49267578125,10395.225
610.7613525390625,10567.6475
611.0299682617188,10609.6325
611.2985229492188,10409.0475
611.5670776367188,10679.6475
611.8356323242188,10612.26
612.10400390625,10251.9625
612.37255859375,10250.0775
612.6409301757812,10526.47
612.909423828125,10506.47
613.1777954101562,10434.595
613.4461669921875,10396.9475
613.7144775390625,10490.8075
613.9827880859375,10488.3825
614.2510375976562,10373.0775
614.5193481445312,10488.84
614.78759765625,10432.4925
615.0557861328125,10316.17
615.323974609375,10469.18
615.592041015625,10559.41
615.8602294921875,10302.4075
616.1282958984375,9913.6575
616.3963623046875,10122.41
616.6644287109375,10168.95
616.9324951171875,10059.59
617.200439453125,10188.1825
617.4684448242188,10116.805
617.7363891601562,10076.7025
618.0042724609375,10231.935
618.2721557617188,10056.865
618.5400390625,9823.515
618.807861328125,9889.7275
619.07568359375,10019.0725
619.3434448242188,9880.5475
619.6112060546875,9923.9375
619.8789672851562,10156.6125
620.1466674804688,10149.71
620.4143676757812,9905.7175
620.6820068359375,9740.835
620.9495849609375,9495.6975
621.2172241210938,9376.875
621.4848022460938,9668.8475
621.7523193359375,9705.6025
622.0198364257812,9571.3725
622.287353515625,9549.565
622.5548706054688,9434.2325
622.822265625,9358.4975
623.0896606445312,9448.9825
623.3570556640625,9259.385
623.6244506835938,9018.4625
623.8917846679688,9000.8075
624.1591186523438,8919.23
624.4263916015625,9078.2525
624.6936645507812,9006.7175
624.9608764648438,8746.9675
625.2280883789062,8982.7475
625.4952392578125,9327.735
625.7623901367188,9468.405
626.029541015625,9391.1625
626.296630859375,9338.815
626.5636596679688,9408.5225
626.8307495117188,9410.2825
627.0977783203125,9453.2225
627.3648071289062,9519.6275
627.6316528320312,9481.995
627.898681640625,9446.5925
628.1655883789062,9409.6325
628.4324951171875,9343.015
628.6993408203125,9427.305
628.9661865234375,9456.7425
629.2329711914062,9514.7675
629.499755859375,9535.705
629.7664794921875,9432.525
630.033203125,9383.6
630.2999267578125,9439.71
630.5665893554688,9389.835
630.833251953125,9374.2575
631.0999145507812,9310.875
631.366455078125,9262.7175
631.633056640625,9293.0275
631.899658203125,9370.76
632.1660766601562,9201.565
632.4326171875,9157.3725
632.698974609375,9178.57
632.9654541015625,9111.5125
633.2318725585938,9114.185
633.498291015625,9061.3825
633.7646484375,9045.135
634.031005859375,9032.115
634.2973022460938,9036.925
634.5635375976562,9020.7175
634.829833984375,9051.47
635.0960083007812,9075.2775
635.3622436523438,9172.5
635.62841796875,9131.8075
635.89453125,9117.6675
636.1607055664062,9209.555
636.4266967773438,9338.48
636.6927490234375,9332.0025
636.9588623046875,9326.225
637.224853515625,9336.5575
637.4907836914062,9372.02
637.7567749023438,9504.33
638.022705078125,9454.3125
638.2886352539062,9555.88
638.5545043945312,9652.715
638.8203125,9660.4325
639.086181640625,9610.5025
639.3519287109375,9652.7175
639.6177368164062,9643.0075
639.8834838867188,9664.48
640.149169921875,9688.4925
640.4148559570312,9722.8025
640.6805419921875,9749.56
640.9461669921875,9734.4925
641.2117919921875,9698.5825
641.4774169921875,9678.5825
641.7428588867188,9707.88
642.0084228515625,9637.285
642.2739868164062,9683.0925
642.5394287109375,9688.235
642.8048706054688,9736.265
643.0702514648438,9822.1275
643.335693359375,9837.3575
643.60107421875,9787.515
643.8663940429688,9862.885
644.1317138671875,9806.445
644.3970336914062,9874.72
644.6622924804688,9914.83
644.927490234375,9832.2175
645.1926879882812,9886.7325
645.4578247070312,9916.895
645.7230224609375,9828.2675
645.9882202148438,9805.38
646.2532348632812,9782.94
646.518310546875,9573.695
646.7833862304688,9454.985
647.0484008789062,9382.385
647.3133544921875,9284.8075
647.5783081054688,9282.9025
647.8433227539062,9362.3875
648.1082153320312,9357.46
648.373046875,9410.4
648.637939453125,9372.53
648.9027709960938,9302.82
649.1675415039062,9401.7425
649.4323120117188,9369.23
649.6970825195312,9230.7775
649.9617919921875,9237.5475
650.2265014648438,9224.6
650.4911499023438,9190.135
650.7557983398438,9192.6925
651.0204467773438,9151.7725
651.2849731445312,9190.025
651.5494995117188,9220.615
651.8141479492188,9199.1475
652.0785522460938,9142.145
652.3430786132812,9164.1275
652.6075439453125,9093.865
652.8719482421875,9108.54
653.1363525390625,9205.8175
653.4006958007812,9197.7675
653.6650390625,9164.8775
653.9293823242188,9216.1475
654.193603515625,9191.2525
654.4579467773438,9248.5775
654.72216796875,9444.665
654.986328125,9468.4525
655.2505493164062,9680.655
655.5147094726562,11515.2875
655.77880859375,16383.75
656.0429077148438,16383.75
656.306884765625,16383.75
656.5709838867188,10750.655
656.8350219726562,9703.8025
657.0989990234375,9732.59
657.363037109375,9734.7775
657.626953125,9869.535
657.8908081054688,10049.31
658.1547241210938,10039.4325
658.4185791015625,9995.2525
658.682373046875,10113.745
658.9461669921875,10226.775
659.2099609375,10187.1325
659.4736938476562,10297.7425
659.7374267578125,10257.94
660.0010375976562,10319.51
660.2647705078125,10479.405
660.5284423828125,10472.2925
660.7919921875,10493.79
661.0556030273438,10580.5175
661.3191528320312,10648.8475
661.5826416015625,10671.5475
661.8461303710938,10719.565
662.1096801757812,10764.315
662.373046875,10806.125
662.636474609375,10908.6025
662.89990234375,10945.7525
663.1632690429688,10891.0375
663.4266357421875,10998.5025
663.6898803710938,11021.75
663.953125,11059.075
664.2164306640625,11040.4025
664.4796142578125,11168.36
664.7428588867188,11064.1225
665.0060424804688,11078.945
665.2691650390625,11220.6175
665.5322875976562,11147.575
665.7953491210938,11142.4275
666.0584106445312,11130.8925
666.3214721679688,11116.7575
666.58447265625,11076.95
666.8474731445312,11117.4525
667.1104125976562,11088.76
667.373291015625,11062.6825
667.63623046875,11147.6525
667.8991088867188,11173.9575
668.1619262695312,11055.7375
668.4248046875,11086.3925
668.6875610351562,11132.5775
668.9503173828125,11075.8675
669.2130737304688,11150.31
669.4757690429688,11143.7425
669.7384033203125,11020.4325
670.0010986328125,11084.03
670.263671875,11171.8
670.5262451171875,11074.7675
670.7888793945312,11018.5125
671.0513305664062,11067.2075
671.3139038085938,11070.7775
671.576416015625,11165.5175
671.8388061523438,11308.34
672.1012573242188,11160.2975
672.3637084960938,11148.3625
672.6260375976562,11217.385
672.888427734375,11074.3975
673.1506958007812,11052.1175
673.4129638671875,11034.925
673.67529296875,11048.5425
673.9375,10997.265
674.19970703125,11054.49
674.4618530273438,11079.67
674.7240600585938,10983.63
674.9862060546875,10996.4175
675.248291015625,11103.155
675.5103149414062,11075.16
675.7723999023438,11050.35
676.034423828125,11144.5075
676.29638671875,11093.375
676.558349609375,11045.5025
676.8202514648438,11092.3775
677.0821533203125,11067.54
677.3441162109375,11070.165
677.6058959960938,11192.2125
677.8677368164062,11268.635
678.1295776367188,11110.265
678.3912353515625,11132.875
678.6530151367188,11137.345
678.9147338867188,11078.495
679.1763916015625,11039.77
679.4380493164062,11237.68
679.69970703125,11208.5375
679.9613037109375,11096.63
680.222900390625,11088.6675
680.4844360351562,11065.325
680.7459716796875,10975.2025
681.0074462890625,10973.78
681.2688598632812,11104.04
681.5303344726562,11143.3325
681.7916870117188,11012.2875
682.0531616210938,11082.905
682.3145141601562,10973.6875
682.5757446289062,10917.69
682.8370971679688,10939.605
683.098388671875,10988.5475
683.3595581054688,10954.095
683.6207885742188,11030.165
683.8820190429688,11048.05
684.1431274414062,10912.4275
684.4042358398438,10968.975
684.6653442382812,11059.48
684.9264526367188,11070.275
685.1875,11041.875
685.448486328125,11140.9325
685.70947265625,11096.975
685.970458984375,10890.6025
686.2313842773438,10845.1625
686.4923095703125,10921.3275
686.753173828125,10815.6525
687.0139770507812,10704.065
687.2748413085938,10801.75
687.53564453125,10707.7975
687.79638671875,10477.355
688.05712890625,10556.06
688.3178100585938,10591.7475
688.5784912109375,10506.305
688.8391723632812,10559.635
689.0997314453125,10645.715
689.3604125976562,10647.09
689.6210327148438,10683.0275
689.8814697265625,10755.9125
690.1420288085938,10739.655
690.4025268554688,10734.72
690.6629638671875,10806.5175
690.9234008789062,10953.415
691.1837768554688,10988.9325
691.4441528320312,11038.42
691.7045288085938,11135.8125
691.9647827148438,11061.645
692.2251586914062,11081.9975
692.4853515625,11188.73
692.74560546875,11305.1975
693.0057983398438,11280.4825
693.2659912109375,11446.56
693.5261840820312,11502.375
693.7863159179688,11389.99
694.04638671875,11423.15
694.306396484375,11541.725
694.5664672851562,11574.23
694.826416015625,11671.1825
695.08642578125,11855.055
695.346435546875,12000.6625
695.6063232421875,11930.1775
695.8662719726562,11888.505
696.1260986328125,12037.8275
696.3859252929688,12088.78
696.645751953125,12261.015
696.905517578125,12706.7275
697.165283203125,12898.2325
697.425048828125,12659.9725
697.6846923828125,12702.9825
697.9443969726562,12810.4375
698.2040405273438,12917.8675
698.463623046875,12898.1225
698.7232055664062,13085.615
698.9828491210938,13226.365
699.2423095703125,13235.8875
699.5018310546875,13273.6925
699.7613525390625,13478.43
700.0206909179688,13517.305
700.2802124023438,13461.54
700.53955078125,13671.6875
700.7988891601562,13847.135
701.0582275390625,13826.8725
701.3175048828125,13794.05
701.5767822265625,14104.99
701.8361206054688,14225.655
702.0952758789062,14212.1575
702.3544921875,14348.96
702.6137084960938,14555.79
702.8727416992188,14514.4175
703.1318969726562,14443.0425
703.3909912109375,14614.055
703.6500244140625,14661.36
703.9090576171875,14617.345
704.1680297851562,14704.08
704.427001953125,14772.8875
704.6859130859375,14862.5475
704.9448852539062,14765.23
705.2037353515625,14900.0925
705.4625854492188,14968.655
705.721435546875,14926.9025
705.980224609375,14934.8525
706.2389526367188,15198.6525
706.4976806640625,15258.125
706.7564086914062,15411.4925
707.01513671875,15522.8275
707.2737426757812,15618.845
707.5323486328125,15591.6475
707.7909545898438,15435.1425
708.0494995117188,15596.07
708.30810546875,15563.715
708.5665283203125,15497.85
708.8250732421875,15488.8275
709.0835571289062,15636.3
709.3419799804688,15503.2075
709.600341796875,15506.1025
709.8587646484375,15658.32
710.1170654296875,15686.4975
710.3753662109375,15629.8425
710.6336059570312,15718.495
710.8919067382812,15821.99
711.1502075195312,15658.6675
711.4083251953125,15525.0475
711.66650390625,15688.705
711.9246826171875,15672.5825
712.1827392578125,15602.1875
712.4408569335938,15621.665
712.6989135742188,15871.91
712.9569091796875,15832.785
713.2149658203125,15809.04
713.472900390625,15843.235
713.7308349609375,15997.54
713.98876953125,15900.4325
714.2466430664062,15824.4875
714.5045166015625,15889.3525
714.7623291015625,15976.06
715.0201416015625,15862.2675
715.2778930664062,15930.745
715.53564453125,15981.13
715.7933349609375,15918.825
716.0510864257812,15683.985
716.3087158203125,15699.82
716.5662841796875,15778.5775
716.8239135742188,15765.685
717.0814819335938,15688.3375
717.3389892578125,15755.445
717.5965576171875,15800.44
717.85400390625,15699.43
718.1114501953125,15865.13
718.368896484375,15861.7175
718.6262817382812,15791.5475
718.8836669921875,15689.88
719.1410522460938,15708.765
719.3982543945312,15911.485
719.6556396484375,15753.1525
719.9129028320312,15560.9325
720.1701049804688,15589.6125
720.42724609375,15705.4025
720.6844482421875,15691.505
720.9415893554688,15572.8775
721.1986694335938,15677.765
721.4557495117188,15629.5075
721.7128295898438,15635.52
721.9698486328125,15542.69
722.2268676757812,15641.9275
722.4838256835938,15531.03
722.7407836914062,15425.8225
722.9976196289062,15486.4775
723.2545776367188,15582.92
723.5114135742188,15568.5075
723.7681884765625,15448.025
724.0250244140625,15540.9275
724.28173828125,15554.2375
724.5385131835938,15444.41
724.7952270507812,15423.9925
725.0518798828125,15467.5375
725.3085327148438,15677.6825
725.565185546875,15482.4175
725.82177734375,15440.1425
726.0783081054688,15532.045
726.3348999023438,15531.6425
726.5913696289062,15345.64
726.8478393554688,15295.3325
727.1043701171875,15374.6025
727.3607177734375,15342.2475
727.6171264648438,15335.43
727.8734130859375,15278.985
728.1297607421875,15348.46
728.3861083984375,15401.7475
728.642333984375,15245.765
728.8986206054688,15208.985
729.1548461914062,15440.69
729.4110107421875,15305.7975
729.6671752929688,15292.8825
729.92333984375,15274.345
730.1793823242188,15272.86
730.4354858398438,15273.12
730.6914672851562,15275.445
730.947509765625,15517.0125
731.2034912109375,15471.31
731.45947265625,15289.915
731.7153930664062,15250.9475
731.9713134765625,15261.175
732.2271118164062,15217.2525
732.4830322265625,15116.8625
732.7388305664062,15106.645
732.9945678710938,15209.1875
733.2503662109375,15186.6175
733.506103515625,15197.9925
733.7617797851562,15203.2025
734.0174560546875,15350.8575
734.2730102539062,15496.765
734.5286865234375,15345.72
734.7843017578125,15084.4775
735.039794921875,15157.5425
735.2953491210938,15270.2025
735.5508422851562,15184.955
735.8062133789062,15106.3375
736.0617065429688,15193.6625
736.317138671875,15222.14
736.572509765625,15002.8625
736.8278198242188,15054.025
737.0831298828125,15159.58
737.33837890625,15148.815
737.5936889648438,14946.1
737.848876953125,14815.9425
738.1041259765625,14879.465
738.3593139648438,14929.925
738.6144409179688,14849.26
738.8695068359375,14871.035
739.1246337890625,15148.0825
739.379638671875,15234.905
739.6347045898438,14936.375
739.8897094726562,14964.1425
740.1446533203125,15052.1775
740.399658203125,14911.205
740.6544799804688,14856.5025
740.909423828125,14806.7975
741.1642456054688,14850.7775
741.4190673828125,14767.015
741.673828125,14748.43
741.9286499023438,14878.86
742.183349609375,14877.96
742.4380493164062,14993.8525
742.6927490234375,14896.2
742.9473266601562,14784.7225
743.2019653320312,14820.18
743.45654296875,14744.4675
743.7110595703125,14685.89
743.9656982421875,14630.845
744.2200927734375,14726.9575
744.474609375,14783.06
744.7290649414062,14707.2575
744.9833984375,14665.495
745.2378540039062,14638.1
745.4921875,14660.365
745.7465209960938,14638.8725
746.0008544921875,14604.23
746.2550659179688,14717.06
746.5093383789062,14593.865
746.7635498046875,14516.7175
747.0176391601562,14644.6025
747.2718505859375,14786.0125
747.5259399414062,14706.3625
747.780029296875,14507.33
748.0341186523438,14358.1575
748.2881469726562,14395.82
748.5420532226562,14556.6475
748.7960815429688,14539.1375
749.050048828125,14434.2225
749.3038940429688,14522.8475
749.5578002929688,14630.685
749.8117065429688,14509.415
750.0654296875,14445.51
750.3193359375,14619.6225
750.5730590820312,14607.9775
750.8267822265625,14481.055
751.0804443359375,14319.4425
751.3341674804688,14375.0275
751.5877685546875,14434.04
751.8414306640625,14396.24
752.094970703125,14302.1125
752.3485717773438,14262.6775
752.6021118164062,14362.4625
752.8555297851562,14329.9875
753.1090087890625,14233.45
753.3624267578125,14294.2175
753.6159057617188,14633.21
753.8692626953125,14653.8425
754.12255859375,14265.0725
754.3759155273438,14147.735
754.6292724609375,14310.4175
754.8825073242188,14409.84
755.1357421875,14326.6175
755.388916015625,14255.6025
755.64208984375,14419.0625
755.895263671875,14450.0025
756.1484375,14409.5875
756.4014282226562,14349.39
756.654541015625,14516.85
756.9075317382812,14639.35
757.1605224609375,14445.885
757.4135131835938,14540.0825
757.6663818359375,14705.71
757.9193115234375,14643.7725
758.1721801757812,14501.2125
758.425048828125,14278.905
758.6778564453125,14272.3525
758.9307250976562,14236.34
759.1834106445312,14287.6875
759.4360961914062,14420.4125
759.6888427734375,14404.03
759.9414672851562,14328.29
760.1941528320312,14305.615
760.4467163085938,14381.3125
760.6992797851562,14272.6275
760.951904296875,14278.205
761.204345703125,14268.5025
761.4568481445312,14159.93
761.7093505859375,13893.625
761.9617309570312,13803.6475
762.2142333984375,13862.8375
762.4666137695312,13900.3625
762.7188720703125,13894.65
762.9712524414062,13953.0875
763.2234497070312,14050.525
763.4757080078125,12897.5125
763.7279663085938,1668.67
763.9801025390625,204.82
764.2322998046875,164.7
764.4844970703125,155.0625
764.7365112304688,154.9125
764.9885864257812,156.485
765.2406616210938,154.56
765.49267578125,158.8475
765.74462890625,153.8975
765.9966430664062,158.8375
766.24853515625,151.9625
766.5004272460938,149.74
766.7522583007812,155.485
767.004150390625,153.4225
767.2559204101562,146.23
767.5076904296875,156.205
